,bubbleSort,selectionSort
10,0.008399440037330844,0.0032537960954446853
12,0.08273596176821983,0.03782255213856486
14,4.563428571428571,1.4365079365079365
15,8.526174496644295,2.1244384546271338
16,8.56634775374376,2.3676129032258064
